{
    "brute_force": [
        5.066627636551857e-06,
        7.066642865538597e-06,
        1.1100045715769133e-05,
        2.1566559250156086e-05,
        4.396672981480757e-05,
        8.936660985151927e-05,
        0.00018683339779575667,
        0.0003834000478188197,
        0.000797799943635861,
        0.0015252000497033198,
        0.0030769334019472203,
        0.006253433336193363,
        0.015202866634353995,
        0.026637466624379158,
        0.049372300039976835
    ],
    "recursive": [
        2.333273490269979e-06,
        3.5999498019615808e-06,
        6.76660177608331e-06,
        2.2300053387880325e-05,
        0.00012619995201627413,
        0.0003220999302963416,
        0.0009563666923592488,
        0.005498599959537387,
        0.012457400094717741,
        0.03224890003912151,
        0.19089703331701458,
        0.7222451001095275,
        2.103599733362595,
        7.500387533257405,
        30.328973200016964
    ],
    "memoization": [
        5.100000028808911e-06,
        5.833261335889499e-06,
        9.133325268824896e-06,
        1.6966679443915684e-05,
        2.8499867767095566e-05,
        2.7099934717019398e-05,
        3.92332828293244e-05,
        4.6700083961089454e-05,
        5.7633345325787864e-05,
        7.173341388503711e-05,
        8.380009482304256e-05,
        0.0001009000310053428,
        0.00010593336385985215,
        0.00012030002350608508,
        0.00014436664059758186
    ],
    "bottom_up": [
        4.166581978400548e-06,
        4.633329808712006e-06,
        5.999968076745669e-06,
        8.733322223027548e-06,
        1.3400024423996607e-05,
        1.6566598787903786e-05,
        3.5333369548122086e-05,
        2.766672211388747e-05,
        3.3500061059991516e-05,
        4.0066661313176155e-05,
        4.803334983686606e-05,
        6.900005973875523e-05,
        6.469991058111191e-05,
        6.753338190416495e-05,
        8.403331351776917e-05
    ]
}