{
    "brute_force": [
        3.1800009310245514e-06,
        4.8800837248563765e-06,
        1.0199937969446183e-05,
        2.1360069513320924e-05,
        4.388005472719669e-05,
        8.602002635598183e-05,
        0.000178420078009367,
        0.00037912004627287387,
        0.0007289600558578968,
        0.0014703600201755763,
        0.00309001998975873,
        0.006124820001423359,
        0.012633779970929026,
        0.02812980003654957,
        0.05652953991666436,
        0.11109543996863067,
        0.231092459987849,
        0.4771709599997848,
        0.960536879952997,
        1.9805971800349653,
        3.804660000000149,
        7.690930159948766,
        15.983641160000115,
        32.73532009995542,
        62.77825158000924
    ],
    "memoization": [
        3.3800024539232254e-06,
        4.999991506338119e-06,
        8.460041135549545e-06,
        1.3320008292794228e-05,
        2.1959934383630752e-05,
        2.778004854917526e-05,
        3.333999775350094e-05,
        4.3460074812173845e-05,
        5.301996134221554e-05,
        6.629996933043003e-05,
        7.871999405324459e-05,
        8.665993809700012e-05,
        0.0001058199442923069,
        0.00015191999264061452,
        0.00014205994084477426,
        0.00015813997015357018,
        0.0001900599803775549,
        0.0002140999771654606,
        0.0004805800039321184,
        0.00026094000786542894,
        0.0002824599854648113,
        0.00030519999563694,
        0.00035378001630306246,
        0.0003484799526631832,
        0.0005656799301505088
    ],
    "bottom_up": [
        2.600019797682762e-06,
        3.6399811506271363e-06,
        5.66006638109684e-06,
        8.539995178580284e-06,
        1.458004117012024e-05,
        1.574005000293255e-05,
        2.0040012896060943e-05,
        2.6040012016892433e-05,
        3.201998770236969e-05,
        3.823991864919663e-05,
        4.5999977737665175e-05,
        5.3220009431242946e-05,
        6.139995530247688e-05,
        7.857992313802243e-05,
        8.290000259876251e-05,
        9.819995611906051e-05,
        0.00011324002407491207,
        0.00012139999307692051,
        0.00021633999422192572,
        0.00014631994999945164,
        0.00016204002313315868,
        0.00017629996873438358,
        0.0001952799968421459,
        0.00020511997863650321,
        0.00034037996083498
    ]
}